[
  {
    "id": "du1",
    "name": "University of Denver",
    "city": "Denver",
    "state": "CO",
    "division": "D1",
    "website": "https://www.du.edu/",
    "notes": "Private research university."
  },
  {
    "id": "cu1",
    "name": "University of Colorado Boulder",
    "city": "Boulder",
    "state": "CO",
    "division": "D1",
    "website": "https://www.colorado.edu/",
    "notes": "Pac-12 (historical)."
  },
  {
    "id": "csu1",
    "name": "Colorado State University",
    "city": "Fort Collins",
    "state": "CO",
    "division": "D1",
    "website": "https://www.colostate.edu/"
  },
  {
    "id": "unc1",
    "name": "University of Northern Colorado",
    "city": "Greeley",
    "state": "CO",
    "division": "D1",
    "website": "https://www.unco.edu/"
  },
  {
    "id": "mit1",
    "name": "MIT",
    "city": "Cambridge",
    "state": "MA",
    "division": "D3",
    "website": "https://www.mit.edu/"
  }
]